name,rank,true_skill,mu,sigma,practices,games
Peli,1,23.942460,38.928507,4.995349,4,13
Cego,2,11.366332,27.730174,5.454614,3,9
FilaH,3,8.714714,24.851499,5.378928,4,13
Jazz,4,8.315554,23.456405,5.046950,4,13
Scoot,5,6.752289,22.003370,5.083694,3,12
B,6,5.353079,21.489865,5.378928,4,13
Freny,7,4.952218,20.013922,5.020568,4,13
Fanda,8,3.667673,20.389323,5.573883,4,13
Strudl,9,2.980015,18.055141,5.025042,4,13
Cross,10,1.912904,17.526034,5.204377,4,13
