name,rank,true_skill,mu,sigma,practices,games
Peli,1,21.012129,34.634802,4.540891,5,16
B,2,16.967765,31.447896,4.826710,5,16
Jazz,3,16.866733,30.543376,4.558881,5,16
Strudl,4,16.022615,29.735721,4.571036,5,16
Cego,5,12.154144,27.782778,5.209545,3,9
FilaH,6,11.642021,27.094394,5.150791,4,13
Fanda,7,7.081856,21.956106,4.958083,5,16
Karlos,8,6.915945,24.220244,5.768100,4,9
Pisky,9,6.740678,21.173561,4.810961,3,14
VitVokroj,10,5.543970,19.674435,4.710155,3,14
